sim_task_trajectory_id,traj_best_match_trajectory_id,dtw_distance
34234,13,44.9962572512409
34235,16,44.806991630573094
34236,18,59.7859397316783
