sim_task_trajectory_id,traj_best_match_trajectory_id,dtw_distance
34234,20713,26.857352275105043
34235,22073,13.966331540792886
34236,13841,17.439567944681258
